{
    "total_return": 0.18362075,
    "annualized_return": 0.043308491666950166,
    "sharpe_ratio": 0.6745526932667445,
    "max_drawdown": 0.09925906023815191,
    "num_trades": 665,
    "win_rate": 0.5593984962406015
}